InventoryId,Description,Current_Stock,Predicted_Demand,Safety_Stock,Reorder_Point,Status,Action
TEST_001,Premium Vodka,30,9.003143754679124,9.003143754679124,54.01886252807474,REORDER,Plan to order 24 units
TEST_002,Scotch Whisky,45,14.039195200903121,19.654873281264372,117.92923968758622,REORDER,Plan to order 73 units
TEST_003,Gin,25,7.705643374675777,6.1645146997406215,36.98708819844373,REORDER,Plan to order 12 units
TEST_004,Bourbon,35,7.123762255763707,8.548514706916448,51.29108824149869,REORDER,Plan to order 16 units
TEST_005,Rum,20,4.295027080270774,2.5770162481624648,15.462097488974788,OK,No action needed
